{"cameraMode":{"drawMode":0,"name":"Shaded","section":"Shading Mode"},"sceneLighting":true,"audioPlay":false,"sceneViewState":{"showFog":true,"showMaterialUpdate":false,"showSkybox":true,"showFlares":true,"showImageEffects":true,"showParticleSystems":true,"showVisualEffectGraphs":true,"m_FxEnabled":true},"in2DMode":false,"pivot":{"x":-0.8863248825073242,"y":-0.4275827407836914,"z":1.2894649505615235},"rotation":{"x":-0.21461275219917298,"y":-0.011137179099023342,"z":0.002447350649163127,"w":-0.9766330718994141},"size":659.656494140625,"orthographic":false}